"","mean","sd","2.5%","97.5%"
"q",0.69803115898007,0.0578584463240182,0.583414456831623,0.811560125115621
