"","mean","sd","2.5%","97.5%"
"T0",7.93011614002016,2.14379669874325,4.24757917039193,11.6408589449075
"GDD",154.804691725888,32.2104920680826,100.188850724851,219.61865094494
