"","mean","sd","2.5%","97.5%"
"T0",4.69173965042586,0.593967641093864,4.02165878643894,6.21843325212809
"GDD",113.882908424299,14.3232232871508,81.9349016980608,138.985929395536
